Server: AkamaiGHost\n\rMime-Version: 1.0\n\rContent-Type: text/html\n\rContent-Length: 176\n\rCache-Control: max-age=0, no-cache, no-store\n\rConnection: keep-alive\n\r
Server: AkamaiGHost\n\rMime-Version: 1.0\n\rContent-Type: text/html\n\rContent-Length: 267\n\rCache-Control: max-age=0, no-cache, no-store\n\rX-Cache: TCP_DENIED from a184-84-242-21.deploy.akamaitechnologies.com (AkamaiGHost/9.1.2.3-21081100) (-)\n\rConnection: close\n\r
Server: AkamaiGHost\n\rMime-Version: 1.0\n\rContent-Type: text/html\n\rContent-Length: 268\n\rCache-Control: max-age=0, no-cache, no-store\n\rConnection: close\n\r
Server: AkamaiGHost\n\rMime-Version: 1.0\n\rContent-Type: text/html\n\rContent-Length: 269\n\rCache-Control: max-age=0, no-cache, no-store\n\rConnection: close\n\r
Server: AkamaiGHost\n\rMime-Version: 1.0\n\rContent-Type: text/html\n\rContent-Length: 271\n\rCache-Control: max-age=0, no-cache, no-store\n\rConnection: close\n\r
Server: AkamaiGHost\n\rMime-Version: 1.0\n\rContent-Type: text/html\n\rContent-Length: 271\n\rCache-Control: max-age=0, no-cache, no-store\n\rConnection: keep-alive\n\r
Server: AkamaiGHost\n\rMime-Version: 1.0\n\rContent-Type: text/html\n\rContent-Length: 271\n\rCache-Control: max-age=0, no-cache, no-store\n\rX-Cache: TCP_MISS from a23-50-51-31.deploy.akamaitechnologies.com (AkamaiGHost/9.1.2.2-20964317) (-)\n\rConnection: keep-alive\n\r
Server: AkamaiGHost\n\rMime-Version: 1.0\n\rContent-Type: text/html\n\rContent-Length: 271\n\rCache-Control: max-age=0, no-cache, no-store\n\rX-Cache: TCP_MISS from a23-50-51-37.deploy.akamaitechnologies.com (AkamaiGHost/9.1.2.2-20964317) (-)\n\rConnection: keep-alive\n\r
Server: AkamaiGHost\n\rMime-Version: 1.0\n\rContent-Type: text/html\n\rContent-Length: 271\n\rConnection: keep-alive\n\r
Server: AkamaiGHost\n\rMime-Version: 1.0\n\rContent-Type: text/html\n\rContent-Length: 272\n\rCache-Control: max-age=0, no-cache, no-store\n\rConnection: close\n\r
Server: AkamaiGHost\n\rMime-Version: 1.0\n\rContent-Type: text/html\n\rContent-Length: 272\n\rCache-Control: max-age=0, no-cache, no-store\n\rConnection: keep-alive\n\r
Server: AkamaiGHost\n\rMime-Version: 1.0\n\rContent-Type: text/html\n\rContent-Length: 272\n\rConnection: keep-alive\n\r
Server: AkamaiGHost\n\rMime-Version: 1.0\n\rContent-Type: text/html\n\rContent-Length: 273\n\rCache-Control: max-age=0, no-cache, no-store\n\rConnection: close\n\r
Server: AkamaiGHost\n\rMime-Version: 1.0\n\rContent-Type: text/html\n\rContent-Length: 274\n\rCache-Control: max-age=0, no-cache, no-store\n\rConnection: close\n\r
Server: AkamaiGHost\n\rMime-Version: 1.0\n\rContent-Type: text/html\n\rContent-Length: 280\n\rConnection: close\n\r
Server: AkamaiGHost\n\rMime-Version: 1.0\n\rContent-Type: text/html\n\rContent-Length: 281\n\rConnection: close\n\r
Server: AkamaiGHost\n\rMime-Version: 1.0\n\rContent-Type: text/html\n\rContent-Length: 285\n\rCache-Control: max-age=0, no-cache, no-store\n\rConnection: close\n\r
Server: AkamaiGHost\n\rMime-Version: 1.0\n\rContent-Type: text/html\n\rContent-Length: 286\n\rCache-Control: max-age=0, no-cache, no-store\n\rConnection: close\n\r
Server: AkamaiGHost\n\rMime-Version: 1.0\n\rContent-Type: text/html\n\rContent-Length: 290\n\rCache-Control: max-age=0, no-cache, no-store\n\rConnection: close\n\r
Server: AkamaiGHost\n\rMime-Version: 1.0\n\rContent-Type: text/html\n\rContent-Length: 291\n\rCache-Control: max-age=0, no-cache, no-store\n\rConnection: close\n\r
Server: Apache/2.4.7 (Ubuntu)\n\rContent-Length: 283\n\rContent-Type: text/html charset=iso-8859-1\n\rCache-Control: max-age=0, no-cache, no-store\n\rConnection: close\n\r
Server: Apache/2.4.7 (Ubuntu)\n\rContent-Length: 284\n\rContent-Type: text/html charset=iso-8859-1\n\rCache-Control: max-age=0, no-cache, no-store\n\rConnection: keep-alive\n\r
Server: Apache/2.4.7 (Ubuntu)\n\rContent-Length: 287\n\rContent-Type: text/html charset=iso-8859-1\n\rCache-Control: max-age=0, no-cache, no-store\n\rConnection: keep-alive\n\r
Server: Apache/2.4.7 (Ubuntu)\n\rContent-Length: 287\n\rContent-Type: text/html charset=iso-8859-1\n\rCache-Control: max-age=0, no-cache, no-store\n\rX-Cache: TCP_MISS from a23-50-51-37.deploy.akamaitechnologies.com (AkamaiGHost/9.1.2.2-20964317) (-)\n\rConnection: keep-alive\n\r
Server: Apache/2.4.7 (Ubuntu)\n\rContent-Length: 287\n\rContent-Type: text/html charset=iso-8859-1\n\rConnection: keep-alive\n\r
Server: Apache/2.4.7 (Ubuntu)\n\rContent-Length: 287\n\rContent-Type: text/html charset=iso-8859-1\n\rX-Cache: TCP_MISS from a23-50-51-37.deploy.akamaitechnologies.com (AkamaiGHost/9.1.2.2-20964317) (-)\n\rConnection: keep-alive\n\r
Server: Apache/2.4.7 (Ubuntu)\n\rContent-Length: 288\n\rContent-Type: text/html charset=iso-8859-1\n\rCache-Control: max-age=0, no-cache, no-store\n\rConnection: keep-alive\n\r
Server: Apache/2.4.7 (Ubuntu)\n\rContent-Length: 292\n\rContent-Type: text/html charset=iso-8859-1\n\rCache-Control: max-age=0, no-cache, no-store\n\rConnection: keep-alive\n\r
Server: Apache/2.4.7 (Ubuntu)\n\rContent-Length: 292\n\rContent-Type: text/html charset=iso-8859-1\n\rCache-Control: max-age=0, no-cache, no-store\n\rX-Cache: TCP_MISS from a23-50-51-37.deploy.akamaitechnologies.com (AkamaiGHost/9.1.2.2-20964317) (-)\n\rConnection: keep-alive\n\r
Server: Apache/2.4.7 (Ubuntu)\n\rLast-Modified: Sun, 26 Feb 2017 02:09:41 GMT\n\rETag: 27-5496574a473ee
Accept-Ranges: bytes\n\rContent-Length: 39\n\rContent-Type: text/html\n\rCache-Control: max-age=0, no-cache, no-store\n\rConnection: keep-alive\n\r
Server: Apache/2.4.7 (Ubuntu)\n\rLast-Modified: Sun, 26 Feb 2017 02:09:41 GMT\n\rETag: 27-5496574a473ee
Accept-Ranges: bytes\n\rContent-Length: 39\n\rContent-Type: text/html\n\rCache-Control: max-age=0, no-cache, no-store\n\rX-Cache: TCP_MISS from a23-50-51-31.deploy.akamaitechnologies.com (AkamaiGHost/9.1.2.2-20964317) (-)\n\rConnection: keep-alive\n\r
Server: Apache/2.4.7 (Ubuntu)\n\rLast-Modified: Sun, 26 Feb 2017 02:09:41 GMT\n\rETag: 27-5496574a473ee
Accept-Ranges: bytes\n\rContent-Length: 39\n\rContent-Type: text/html\n\rCache-Control: max-age=0, no-cache, no-store\n\rX-Cache: TCP_MISS from a23-50-51-37.deploy.akamaitechnologies.com (AkamaiGHost/9.1.2.2-20964317) (-)\n\rConnection: keep-alive\n\r
